{
  "openapi": "3.0.0",
  "info": {
    "title": "Biro Umum",
    "description": "Biro Umum API documentation.",
    "version": "1.0.0"
  },
  "servers": [
    {
      "url": "http://localhost:1234/"
    }
  ],
  "paths": {
    "/": {
      "get": {
        "description": "",
        "responses": {
          "default": {
            "description": ""
          }
        }
      }
    },
    "/v1/": {
      "get": {
        "description": "",
        "responses": {
          "200": {
            "description": "OK"
          }
        }
      }
    },
    "/v1/system/envy": {
      "get": {
        "tags": [
          "System"
        ],
        "description": "",
        "responses": {
          "200": {
            "description": "OK"
          }
        }
      }
    },
    "/v1/auth/login": {
      "post": {
        "tags": [
          "Auth"
        ],
        "description": "",
        "responses": {
          "200": {
            "description": "OK"
          }
        },
        "requestBody": {
          "required": true,
          "content": {
            "application/json": {
              "schema": {
                "type": "object",
                "required": [
                  "nip",
                  "password"
                ],
                "properties": {
                  "nip": {
                    "type": "string"
                  },
                  "password": {
                    "type": "string"
                  }
                }
              }
            }
          }
        }
      }
    },
    "/v1/auth/logout": {
      "get": {
        "tags": [
          "Auth"
        ],
        "description": "",
        "responses": {
          "200": {
            "description": "OK"
          }
        }
      }
    },
    "/v1/auth/my-account": {
      "get": {
        "tags": [
          "Auth"
        ],
        "description": "",
        "responses": {
          "200": {
            "description": "OK"
          }
        }
      },
      "put": {
        "tags": [
          "Auth"
        ],
        "description": "",
        "responses": {
          "200": {
            "description": "OK"
          }
        },
        "requestBody": {
          "required": true,
          "content": {
            "application/json": {
              "schema": {
                "type": "object",
                "required": [
                  "firstName",
                  "username",
                  "nip",
                  "roleId"
                ],
                "properties": {
                  "firstName": {
                    "type": "string"
                  },
                  "lastName": {
                    "type": "string"
                  },
                  "photo": {
                    "type": "string"
                  },
                  "username": {
                    "type": "string"
                  },
                  "nip": {
                    "type": "string"
                  },
                  "roleId": {
                    "type": "string"
                  }
                }
              }
            }
          }
        }
      }
    },
    "/v1/auth/get/my-account": {
      "get": {
        "tags": [
          "Auth"
        ],
        "description": "",
        "responses": {
          "200": {
            "description": "OK"
          }
        }
      }
    },
    "/v1/auth/my-account/update-password": {
      "put": {
        "tags": [
          "Auth"
        ],
        "description": "",
        "responses": {
          "200": {
            "description": "OK"
          }
        },
        "requestBody": {
          "content": {
            "application/json": {
              "schema": {
                "type": "object",
                "properties": {
                  "oldPassword": {
                    "example": "any"
                  },
                  "newPassword": {
                    "example": "any"
                  },
                  "retypePassword": {
                    "example": "any"
                  }
                }
              }
            }
          }
        }
      }
    },
    "/v1/roles/all": {
      "get": {
        "tags": [
          "Role"
        ],
        "description": "",
        "responses": {
          "200": {
            "description": "OK"
          }
        }
      }
    },
    "/v1/roles": {
      "get": {
        "tags": [
          "Role"
        ],
        "description": "",
        "parameters": [
          {
            "name": "page",
            "in": "query",
            "schema": {
              "type": "string"
            }
          },
          {
            "name": "pageSize",
            "in": "query",
            "schema": {
              "type": "string"
            }
          }
        ],
        "responses": {
          "200": {
            "description": "OK"
          }
        }
      },
      "post": {
        "tags": [
          "Role"
        ],
        "description": "",
        "responses": {
          "201": {
            "description": "Created"
          }
        },
        "requestBody": {
          "required": true,
          "content": {
            "application/json": {
              "schema": {
                "type": "object",
                "required": [
                  "roleName",
                  "menu"
                ],
                "properties": {
                  "roleName": {
                    "type": "string"
                  },
                  "menu": {
                    "type": "array",
                    "items": {
                      "type": "object",
                      "properties": {
                        "menuName": {
                          "type": "string"
                        },
                        "slug": {
                          "type": "string"
                        },
                        "isChecked": {
                          "type": "boolean"
                        }
                      }
                    }
                  },
                  "cornerMenu": {
                    "type": "array",
                    "items": {
                      "type": "object",
                      "properties": {
                        "menuName": {
                          "type": "string"
                        },
                        "slug": {
                          "type": "string"
                        },
                        "isChecked": {
                          "type": "boolean"
                        }
                      }
                    }
                  }
                }
              }
            }
          }
        }
      }
    },
    "/v1/roles/{id}": {
      "get": {
        "tags": [
          "Role"
        ],
        "description": "",
        "parameters": [
          {
            "name": "id",
            "in": "path",
            "required": true,
            "schema": {
              "type": "string"
            }
          }
        ],
        "responses": {
          "200": {
            "description": "OK"
          }
        }
      },
      "delete": {
        "tags": [
          "Role"
        ],
        "description": "",
        "parameters": [
          {
            "name": "id",
            "in": "path",
            "required": true,
            "schema": {
              "type": "string"
            }
          }
        ],
        "responses": {
          "200": {
            "description": "OK"
          }
        }
      },
      "put": {
        "tags": [
          "Role"
        ],
        "description": "",
        "parameters": [
          {
            "name": "id",
            "in": "path",
            "required": true,
            "schema": {
              "type": "string"
            }
          }
        ],
        "responses": {
          "200": {
            "description": "OK"
          }
        },
        "requestBody": {
          "required": true,
          "content": {
            "application/json": {
              "schema": {
                "type": "object",
                "required": [
                  "roleName",
                  "menu"
                ],
                "properties": {
                  "roleName": {
                    "type": "string"
                  },
                  "menu": {
                    "type": "array",
                    "items": {
                      "type": "object",
                      "properties": {
                        "id": {
                          "type": "string"
                        },
                        "menuName": {
                          "type": "string"
                        },
                        "slug": {
                          "type": "string"
                        },
                        "isChecked": {
                          "type": "boolean"
                        }
                      }
                    }
                  },
                  "cornerMenu": {
                    "type": "array",
                    "items": {
                      "type": "object",
                      "properties": {
                        "id": {
                          "type": "string"
                        },
                        "menuName": {
                          "type": "string"
                        },
                        "slug": {
                          "type": "string"
                        },
                        "isChecked": {
                          "type": "boolean"
                        }
                      }
                    }
                  }
                }
              }
            }
          }
        }
      }
    },
    "/v1/users/all": {
      "get": {
        "tags": [
          "User"
        ],
        "description": "",
        "responses": {
          "200": {
            "description": "OK"
          }
        }
      }
    },
    "/v1/users": {
      "get": {
        "tags": [
          "User"
        ],
        "description": "",
        "parameters": [
          {
            "name": "page",
            "in": "query",
            "schema": {
              "type": "string"
            }
          },
          {
            "name": "pageSize",
            "in": "query",
            "schema": {
              "type": "string"
            }
          }
        ],
        "responses": {
          "200": {
            "description": "OK"
          }
        }
      },
      "post": {
        "tags": [
          "User"
        ],
        "description": "",
        "responses": {
          "201": {
            "description": "Created"
          }
        },
        "requestBody": {
          "required": true,
          "content": {
            "application/json": {
              "schema": {
                "type": "object",
                "required": [
                  "firstName",
                  "username",
                  "nip",
                  "password",
                  "retypePassword",
                  "roleId"
                ],
                "properties": {
                  "firstName": {
                    "type": "string"
                  },
                  "lastName": {
                    "type": "string"
                  },
                  "photo": {
                    "type": "string"
                  },
                  "username": {
                    "type": "string"
                  },
                  "nip": {
                    "type": "string"
                  },
                  "password": {
                    "type": "string"
                  },
                  "retypePassword": {
                    "type": "string"
                  },
                  "roleId": {
                    "type": "string"
                  }
                }
              }
            }
          }
        }
      }
    },
    "/v1/users/{id}": {
      "get": {
        "tags": [
          "User"
        ],
        "description": "",
        "parameters": [
          {
            "name": "id",
            "in": "path",
            "required": true,
            "schema": {
              "type": "string"
            }
          }
        ],
        "responses": {
          "200": {
            "description": "OK"
          }
        }
      },
      "delete": {
        "tags": [
          "User"
        ],
        "description": "",
        "parameters": [
          {
            "name": "id",
            "in": "path",
            "required": true,
            "schema": {
              "type": "string"
            }
          }
        ],
        "responses": {
          "200": {
            "description": "OK"
          }
        }
      },
      "put": {
        "tags": [
          "User"
        ],
        "description": "",
        "parameters": [
          {
            "name": "id",
            "in": "path",
            "required": true,
            "schema": {
              "type": "string"
            }
          }
        ],
        "responses": {
          "200": {
            "description": "OK"
          }
        },
        "requestBody": {
          "required": true,
          "content": {
            "application/json": {
              "schema": {
                "type": "object",
                "required": [
                  "firstName",
                  "username",
                  "nip",
                  "roleId"
                ],
                "properties": {
                  "firstName": {
                    "type": "string"
                  },
                  "lastName": {
                    "type": "string"
                  },
                  "username": {
                    "type": "string"
                  },
                  "nip": {
                    "type": "string"
                  },
                  "roleId": {
                    "type": "string"
                  }
                }
              }
            }
          }
        }
      }
    },
    "/v1/users/reset-password/{id}": {
      "put": {
        "tags": [
          "User"
        ],
        "description": "",
        "parameters": [
          {
            "name": "id",
            "in": "path",
            "required": true,
            "schema": {
              "type": "string"
            }
          }
        ],
        "responses": {
          "200": {
            "description": "OK"
          }
        }
      }
    },
    "/v1/grafik/all": {
      "get": {
        "tags": [
          "Grafik"
        ],
        "description": "",
        "responses": {
          "200": {
            "description": "OK"
          }
        }
      }
    },
    "/v1/files/{id}": {
      "delete": {
        "tags": [
          "File"
        ],
        "description": "",
        "parameters": [
          {
            "name": "id",
            "in": "path",
            "required": true,
            "schema": {
              "type": "string"
            }
          }
        ],
        "responses": {
          "200": {
            "description": "OK"
          }
        }
      }
    },
    "/v1/files/{refTable}": {
      "post": {
        "tags": [
          "File"
        ],
        "description": "",
        "parameters": [
          {
            "name": "refTable",
            "in": "path",
            "required": true,
            "schema": {
              "type": "string"
            }
          }
        ],
        "responses": {
          "201": {
            "description": "Created"
          }
        },
        "requestBody": {
          "required": true,
          "content": {
            "multipart/form-data": {
              "schema": {
                "type": "object",
                "required": [
                  "refField",
                  "document"
                ],
                "properties": {
                  "refField": {
                    "type": "string"
                  },
                  "title": {
                    "type": "string"
                  },
                  "document": {
                    "type": "file"
                  }
                }
              }
            }
          }
        }
      }
    }
  }
}